2001,Science Fiction
Star Trek: The Motion Picture,Science Fiction
Blade Runner,Science Fiction
Gandhi,Drama
Rambo: First Blood,Action
Star Trek: The Wrath of Khan,Science Fiction
Blue Thunder,Action
2010: The Year We Make Contact,Science Fiction
Star Trek: The Search for Spock,Science Fiction
Rambo: First Blood Part 2,Action
Back to the Future,Science Fiction
Big Trouble in Little China,Action
Star Trek: The Voyage Home,Science Fiction
Die Hard,Action
Rambo III,Action
Batman (1989),Action
Back to the Future Part II,Science Fiction
Die Hard 2,Action
Hunt for the Red October,Drama
Back to the Future Part III,Science Fiction
Star Trek: The Undiscovered Country,Science Fiction
Terminator 2: Judgement Day (Skynet Edition),Science Fiction
In The Line Of Fire,Drama
Jurassic Park,Action
Clear and Present Danger,Drama
Speed,Action
Star Trek: Generations,Science Fiction
Stargate (25th Anniversary Edition),Science Fiction
Batman Forever,Action
Outbreak,Thriller
Twelve Monkeys,Science Fiction
WaterWorld,Action
Broken Arrow,Action
Chain Reaction,Action
Eraser,Action
Independence Day,Science Fiction
Mission Impossible I,Action
Star Trek: First Contact,Science Fiction
The Rock,Action
Twister,Action
Close Encounters Of The Third Kind,Drama
Contact,Science Fiction
Men in Black,Comedy
Starship Troopers,Science Fiction
The Fifth Element (Remastered),Science Fiction
Jurassic Park - The Lost World,Action
Deep Impact,Science Fiction
Star Trek: Insurrection,Science Fiction
The Matrix,Science Fiction
The Mummy,Action
Mission Impossible II,Action
Space Cowboys,Comedy
X-Men,Action
Band of Brothers,Drama
Behind Enemy Lines,Action
Final Fantasy - The Spirits Within,Science Fiction
The Mummy Returns,Action
Jurassic Park III,Action
Firefly - The Complete Series,Science Fiction
Ice Age,Comedy
Spiderman,Action
Star Trek: Nemesis,Science Fiction
The Bourne Identity,Thriller
Transporter,Action
Pirates of the Caribbean 1,Comedy
S.W.A.T,Action
Tears of the Sun,Thriller
Terminator 3: Rise of the Machines,Science Fiction
The Matrix: Reloaded,Science Fiction
The Matrix: Revolutions,Science Fiction
Underworld,Action
X-Men 2,Action
Alien Vs Predator,Action
Hellboy (Director's Cut),Action
I Robot,Science Fiction
Kungfu Hustle,Comedy
National Treasure,Action
Spiderman II,Action
The Bourne Supremacy,Thriller
The Day After Tomorrow,Science Fiction
Van Helsing,Action
Batman Begins ,Action
Constantine,Action
Fantastic Four,Science Fiction
March of the Penguins,Drama
Serenity,Science Fiction
The Island,Action
Transporter 2,Action
V for Vendetta,Thriller
Casino Royale (Deluxe Edition),Action
Fearless,Action
Mission Impossible III,Action
Pirates of the Caribbean 2,Action
Planet Earth,Drama
Underworld Evolution,Action
X-Men - The Last Stand,Action
3:10 To Yuma,Drama
Aliens Vs Predator - Requiem,Action
Die Hard 4.0,Action
Fantastic Four - Rise Of The Silver Surfer,Science Fiction
Galapagos,Drama
Ghost Rider,Action
I Am Legend,Science Fiction
National Treasure 2,Action
Pirates of the Caribbean 3,Comedy
Shooter,Action
Spiderman III,Action
The Bourne Ultimatum,Thriller
Transformers,Action
Hancock,Action
HellBoy 2: The Golden Army,Action
Indiana Jones and the Kingdom of the Crystal Skull,Action
Iron Man,Science Fiction
Kungfu Panda,Comedy
Quantum of Solace,Action
Rambo 2008,Action
Speed Racer,Action
Star Wars: The Clone Wars,Science Fiction
Stargate: Continuum,Science Fiction
The Dark Knight,Action
The Incredible Hulk (2008),Action
The Mummy: Tomb of the Dragon Emperor,Action
Transporter 3,Action
WALL-E,Science Fiction
Avatar,Science Fiction
G.I Joe: Rise of the Cobra,Action
Ice Age 2,Comedy
Moon,Thriller
Terminator Salvation,Science Fiction
Transformers: Revenge of the Fallen,Action
X-Men Origins: Wolverine,Action