1001,Labour Party
1002,Act
1003,National Party
1004,National Party
1005,Labour Party
1006,Maori Party
1007,Act
1008,New Zealand First Party
1009,Maori Party
1010,Act
1011,New Zealand First Party
1012,National Party
1013,Labour Party
1014,Labour Party
1015,Act
1016,Act
1017,New Zealand First Party
1018,Maori Party
1019,New Zealand First Party
1020,National Party
1021,Maori Party
1022,Act
1023,New Zealand First Party
1024,Maori Party
1025,New Zealand First Party
1026,Maori Party
1027,New Zealand First Party
1028,National Party
1029,Labour Party
1030,Act
1031,National Party
1032,National Party
1033,Labour Party
1034,Maori Party
1035,Act
1036,New Zealand First Party
1037,Maori Party
1038,Act
1039,New Zealand First Party
1040,National Party
1041,Labour Party
1042,Act
1043,Act
1044,New Zealand First Party
1045,Maori Party
1046,New Zealand First Party
1047,National Party
1048,Maori Party
1049,Act
1050,New Zealand First Party
1051,Maori Party
1052,New Zealand First Party
1053,National Party
1054,Labour Party
1055,Act
1056,National Party
1057,National Party
1058,Labour Party
1059,Maori Party
1060,Act
1061,New Zealand First Party
1062,Maori Party
1063,New Zealand First Party
1064,National Party
1065,Labour Party
1066,Labour Party
1067,Act
1068,Act
1069,New Zealand First Party
1070,Maori Party
1071,New Zealand First Party
1072,National Party
1073,Maori Party
1074,Act
1075,New Zealand First Party
1076,National Party
1077,Maori Party
1078,Act
1079,New Zealand First Party
1080,Maori Party
1081,New Zealand First Party
1082,National Party
1083,Labour Party
1084,Act
1085,National Party
1086,National Party
1087,Labour Party
1088,Maori Party
1089,Act
1090,New Zealand First Party
1091,Maori Party
1092,New Zealand First Party
1093,National Party
1094,Labour Party
1095,Act
1096,National Party
1097,National Party
1098,Labour Party
1099,Maori Party
1100,Act
1101,Labour Party
1102,Act
1103,National Party
1104,National Party
1105,Labour Party
1106,Maori Party
1107,Act
1108,New Zealand First Party
1109,Maori Party
1110,Act
1111,New Zealand First Party
1112,National Party
1113,Labour Party
1114,Labour Party
1115,Act
1116,Act
1117,New Zealand First Party
1118,Maori Party
1119,New Zealand First Party
1120,National Party
1121,Maori Party
1122,Act
1123,New Zealand First Party
1124,Maori Party
1125,New Zealand First Party
1126,Maori Party
1127,New Zealand First Party
1128,National Party
1129,Labour Party
1130,Act
1131,National Party
1132,National Party
1133,Labour Party
1134,Maori Party
1135,Act
1136,New Zealand First Party
1137,Maori Party
1138,Act
1139,New Zealand First Party
1140,National Party
1141,Labour Party
1142,Act
1143,Act
1144,New Zealand First Party
1145,Maori Party
1146,New Zealand First Party
1147,National Party
1148,Maori Party
1149,Act
1150,New Zealand First Party
1151,Maori Party
1152,New Zealand First Party
1153,National Party
1154,Labour Party
1155,Act
1156,National Party
1157,National Party
1158,Labour Party
1159,Maori Party
1160,Act
1161,New Zealand First Party
1162,Maori Party
1163,New Zealand First Party
1164,National Party
1165,Labour Party
1166,Labour Party
1167,Act
1168,Act
1169,New Zealand First Party
1170,Maori Party
1171,New Zealand First Party
1172,National Party
1173,Maori Party
1174,Act
1175,New Zealand First Party
1176,National Party
1177,Maori Party
1178,Act
1179,New Zealand First Party
1180,Maori Party
1181,New Zealand First Party
1182,National Party
1183,Labour Party
1184,Act
1185,National Party
1186,National Party
1187,Labour Party
1188,Maori Party
1189,Act
1190,New Zealand First Party
1191,Maori Party
1192,New Zealand First Party
1193,National Party
1194,Labour Party
1195,Act
1196,National Party
1197,National Party
1198,Labour Party
1199,Maori Party
1200,Act
