2001,Science Fiction
Star Trek: The Motion Picture,Science Fiction
Blade Runner,Science Fiction
Gandhi,Drama
Rambo: First Blood,Action
Star Trek: The Wrath of Khan,Science Fiction
Blue Thunder,Action
2010: The Year We Make Contact,Science Fiction
Star Trek: The Search for Spock,Science Fiction
Rambo: First Blood Part 2,Action
Back to the Future,Science Fiction
Big Trouble in Little China,Action
Star Trek: The Voyage Home,Science Fiction
Die Hard,Action
Rambo III,Action
Batman (1989),Action
Back to the Future Part II,Science Fiction
Die Hard 2,Action
Hunt for the Red October,Drama
Back to the Future Part III,Science Fiction
Star Trek: The Undiscovered Country,Science Fiction